filepath,label,class
"total_belanja/crop_00042.jpg","TOTAL: 107.550","total_belanja"
"line_item/crop_00021.jpg","SUKSES ISI 2 A.KCP 129 1 3.350 3.350","line_item"
"line_item/crop_00040.jpg","SEDAAP MI AY BW TL23 1 2300 2.300","line_item"
"nama_toko/crop_00043.jpg","INDOMARET","nama_toko"
"total_belanja/crop_01412.jpg","Total Item 2 2.900","total_belanja"
"line_item/crop_00041.jpg","RINSO DET.MTC FRNT 3 1 93000 93.000","line_item"
"tanggal_waktu/crop_00044.jpg","07.06.18-21:21","tanggal_waktu"
"line_item/crop_00048.jpg","INDOMI AYAM BWNG 69G 1 2300 2.300","line_item"
"line_item/crop_00047.jpg","INDOMI KARI AYAM 72G 2 2300 4.600","line_item"
"line_item/crop_00049.jpg","SUKSES ISI2 A.KCP129 1 3350 3.350","line_item"
"line_item/crop_00045.jpg","INDOMI GORENG SPC 80 2 2300 4.600","line_item"
"line_item/crop_00046.jpg","SEDAAP MIE SOTO 75GR 1 2300 2.300","line_item"
"line_item/crop_00051.jpg","SEDAAP MIE KARI SP75 1 2300 2.300","line_item"
"line_item/crop_00052.jpg","SEDAAP MIE BASO SP77 1 2300 2.300","line_item"
"line_item/crop_00054.jpg","SEDAAP MI AY BW TL73 1 2300 2.300","line_item"
"line_item/crop_00055.jpg","RINSO DET.MTS FRNT3 1 93000 93.000","line_item"
"line_item/crop_00053.jpg","INDOMIE GRG S.MTH 85 1 2300 2.300","line_item"
"line_item/crop_00050.jpg","INDOMIE GRG RICA 85G 1 2300 2.300","line_item"
"total_belanja/crop_02961.jpg","Total RM Incl. of GST 9.85","total_belanja"
"total_belanja/crop_01511.jpg","Total Belanja 18.500","total_belanja"
"line_item/crop_02960.jpg","R RING 500'5 2.65","line_item"
"nama_toko/crop_02962.jpg","POPULAR BOOK CO.(M) SDN BHD","nama_toko"
"line_item/crop_02964.jpg","PB SHT/P 11H A4 10'S C/O. 2pc * 3.50 7.00","line_item"
"tanggal_waktu/crop_02963.jpg","28/03/18 13:24","tanggal_waktu"
"line_item/crop_02965.jpg","R RING 500'5 2.65","line_item"
"total_belanja/crop_01076.jpg","Total RP 250.000","total_belanja"
"tanggal_waktu/crop_01078.jpg","2025-10-04 14:15:06","tanggal_waktu"
"line_item/crop_01079.jpg","Kaos KAKI 13 2 X RP 13.000 RP 26.000","line_item"
"line_item/crop_01075.jpg","SNEAKERS SNKSJ185 RP 185.000 1X RP 185.000 RP 185.000","line_item"
"line_item/crop_01080.jpg","FREE GELANG 1 X RP 0 Rp 0","line_item"
"line_item/crop_01085.jpg","2 MINERAL 18.000","line_item"
"line_item/crop_01084.jpg","2 CHATTING 46.00O","line_item"
"nama_toko/crop_01082.jpg","CHAMING CAFE & DIMSUM SUMATERA","nama_toko"
"tanggal_waktu/crop_01083.jpg","09 Okt 25 20:11","tanggal_waktu"
"total_belanja/crop_01086.jpg","Total 64.000","total_belanja"
"total_belanja/crop_01081.jpg","Total Rp 26.000","total_belanja"
"line_item/crop_01092.jpg","1.500 TELUR 46.000","line_item"
"line_item/crop_01088.jpg","KEJU TOPCHIZ KEMASAN 250 GR 2 13.000 26.000","line_item"
"nama_toko/crop_01087.jpg","MBOK LA TBK","nama_toko"
"line_item/crop_01089.jpg","ALFA DARK COMPOUND HITAM 2 1 19.500 19.500","line_item"
"tanggal_waktu/crop_01091.jpg","22-02-2026 11:40:39","tanggal_waktu"
"total_belanja/crop_01090.jpg","Total Rp 45.500","total_belanja"
"line_item/crop_01103.jpg","31 ICETUBE 5.000","line_item"
"line_item/crop_01095.jpg","TELUR BEBEK 4 10.000","line_item"
"total_belanja/crop_01104.jpg","JUMLAH 155.000","total_belanja"
"total_belanja/crop_01099.jpg","TOTAL 544.000","total_belanja"
"total_belanja/crop_01096.jpg","98.500","total_belanja"
"nama_toko/crop_01097.jpg","PT.PANGAN LESTARI","nama_toko"
"total_belanja/crop_01112.jpg","628.500","total_belanja"
"nama_toko/crop_01108.jpg","SURYA SAMPURNA","nama_toko"
"total_belanja/crop_01107.jpg","50.000","total_belanja"
"nama_toko/crop_01105.jpg","PATTY CASH","nama_toko"
"line_item/crop_01106.jpg","GAS 3 KG 25.000 25.000","line_item"
"tanggal_waktu/crop_01109.jpg","07/08/2026","tanggal_waktu"
"tanggal_waktu/crop_01113.jpg","28/10/23","tanggal_waktu"
"line_item/crop_01111.jpg","336.000","line_item"
"line_item/crop_01098.jpg","FF.HOME SHOESTRING","line_item"
"line_item/crop_01110.jpg","292.500","line_item"
"line_item/crop_01094.jpg","7.500","line_item"
"line_item/crop_01093.jpg","35.000","line_item"
"total_belanja/crop_02969.jpg","Total RM Incl. of GST 8.65","total_belanja"
"total_belanja/crop_02966.jpg","Total RM Incl. of GST 9.85","total_belanja"
"tanggal_waktu/crop_02967.jpg","28/03/18 13:24","tanggal_waktu"
"nama_toko/crop_02971.jpg","POPULAR BOOK CO. (M) SDN BHD","nama_toko"
"nama_toko/crop_02970.jpg","POPULAR BOOK","nama_toko"
"line_item/crop_02968.jpg","PB SHT/P 11H A4 10'S C/O. 2pc * 3.50 7.00","line_item"
"nama_toko/crop_01549.jpg","CHATTING CAFE & DIMSUM SUMATERA","nama_toko"
"line_item/crop_01467.jpg","Goreng Srikaya 14.000 x1 14.000","line_item"
"line_item/crop_01115.jpg","sereh 9.000","line_item"
"line_item/crop_01466.jpg","catch 28.000 x1 28.000","line_item"
"line_item/crop_00020.jpg","INDOMI AYAM BWNG 69G 1 2200 2.300","line_item"
"line_item/crop_01116.jpg","pisang 30.000","line_item"
"line_item/crop_01117.jpg","sayur 25.000","line_item"
"line_item/crop_01119.jpg","Kecambah 11.000","line_item"
"line_item/crop_01122.jpg","pandan 1.000","line_item"
"line_item/crop_01120.jpg","Telur 18.000","line_item"
"line_item/crop_01121.jpg","Kelapa 14.000","line_item"
"line_item/crop_01123.jpg","udang 100.000","line_item"
"total_belanja/crop_01125.jpg","374.000","total_belanja"
"nama_toko/crop_01126.jpg","Tobaku","nama_toko"
"line_item/crop_01124.jpg","tahu 14.000","line_item"
"line_item/crop_01128.jpg","Van HOUTEN 165GR (50) PCS 46.750 x 15 = 701.250.000","line_item"
"line_item/crop_01129.jpg","GULA LOKAL TIMBANGAN 1KG PCS 17.700  x 15 = 265.500.000","line_item"
"tanggal_waktu/crop_01127.jpg","28-03-26 17:19:01","tanggal_waktu"
"tanggal_waktu/crop_01132.jpg","29-03-26 08:42:25","tanggal_waktu"
"nama_toko/crop_01136.jpg","TIAM","nama_toko"
"nama_toko/crop_01131.jpg","Tobaku","nama_toko"
"total_belanja/crop_01134.jpg","Tunai 409.500.000","total_belanja"
"total_belanja/crop_01130.jpg","Tunai 966.750.000","total_belanja"
"line_item/crop_01133.jpg","TELUR AYAM KRAT 409500 x 1 = 409.500.000","line_item"
"total_belanja/crop_01139.jpg","185.000","total_belanja"
"nama_toko/crop_01141.jpg","THIAM","nama_toko"
"line_item/crop_01137.jpg","20 ICE CUBE 5.000 100.000","line_item"
"line_item/crop_01138.jpg","17 ICE CUBE 5.000 85.000","line_item"
"line_item/crop_01142.jpg","5.000","line_item"
"total_belanja/crop_01143.jpg","200.000","total_belanja"
"tanggal_waktu/crop_01145.jpg","14-04-2026 08:35","tanggal_waktu"
"total_belanja/crop_01147.jpg","TOTAL 95.000","total_belanja"
"nama_toko/crop_01149.jpg","THIAM","nama_toko"
"total_belanja/crop_01151.jpg","150.000","total_belanja"
"line_item/crop_01146.jpg","elpiji 5.5 kg 1 x 95.000 95.000","line_item"
"nama_toko/crop_01144.jpg","FAM MART","nama_toko"
"total_belanja/crop_01156.jpg","160.000","total_belanja"
"tanggal_waktu/crop_01152.jpg","15-4-26","tanggal_waktu"
"nama_toko/crop_01157.jpg","Tobaku","nama_toko"
"line_item/crop_01153.jpg","12 PAGI 60.000","line_item"
"line_item/crop_01154.jpg","20 MALAM 100.000","line_item"
"nama_toko/crop_01155.jpg","TIAM","nama_toko"
"line_item/crop_01114.jpg","JERUK 42.000","line_item"
"line_item/crop_01118.jpg","BW GR 110.000","line_item"
"line_item/crop_01159.jpg","SKM DAIRY CHAMP 480GR (48 DUS 592.800 x 3 = 1.778.400.000","line_item"
"tanggal_waktu/crop_01158.jpg","16-04-26 09:53:01","tanggal_waktu"
"tanggal_waktu/crop_01135.jpg","29/2/25","tanggal_waktu"
"tanggal_waktu/crop_01140.jpg","2026","tanggal_waktu"
"nama_toko/crop_00140.jpg","HAMMOCKS TRADING COMPANY","nama_toko"
"tanggal_waktu/crop_00141.jpg","3/10/2017 6:23","tanggal_waktu"
"line_item/crop_00143.jpg","Shrimp Entree 21.00","line_item"
"tanggal_waktu/crop_01148.jpg","23/08/25","tanggal_waktu"
"line_item/crop_00144.jpg","BBQ & Blue Chz chips 6.00","line_item"
"line_item/crop_00145.jpg","Discount:BBQ & Blue Chz -6.00","line_item"
"line_item/crop_00146.jpg","Sprte 2.50","line_item"
"line_item/crop_00147.jpg","Lobster Rol1 21.00","line_item"
"line_item/crop_00151.jpg","2 wooken Dinner 27.96","line_item"
"line_item/crop_00152.jpg","2 Coke 3.16","line_item"
"nama_toko/crop_00150.jpg","Now Asia Buffet","nama_toko"
"total_belanja/crop_00148.jpg","Total 50.29","total_belanja"
"line_item/crop_00157.jpg","1 Hf-Peking Duck $18.95","line_item"
"line_item/crop_00158.jpg","Stir Beef Fillet w. Tofu $15.95","line_item"
"total_belanja/crop_00153.jpg","TOTAL : 33.92","total_belanja"
"line_item/crop_00156.jpg","Spicy Chickon w Spicy Garlic $47.95","line_item"
"tanggal_waktu/crop_00154.jpg","06/13/17 08:38 PM - 09:17 P","tanggal_waktu"
"nama_toko/crop_00155.jpg","Lan Sheng","nama_toko"
"tanggal_waktu/crop_00878.jpg","08/15/2017 5:51 pm","tanggal_waktu"
"line_item/crop_00160.jpg","White Rice (S) $1.50","line_item"
"line_item/crop_00159.jpg","Pork w. Spicy Capsicum $12.95","line_item"
"line_item/crop_00142.jpg","Coke 2.50","line_item"
"total_belanja/crop_00245.jpg","TOTAL 4.500","total_belanja"
"tanggal_waktu/crop_00149.jpg","Date: ov-15-08-N Time: 5:17PM","tanggal_waktu"
"line_item/crop_01868.jpg","Nissin Lemonia 37.500","line_item"
"total_belanja/crop_01628.jpg","TOTAL BELANJA 38.000","total_belanja"
"line_item/crop_01869.jpg","TANGO WFR ROYALE 27.850","line_item"
"line_item/crop_01871.jpg","Nissin WFR Choco 269.000","line_item"
"line_item/crop_01872.jpg","BIG COLA 14.900","line_item"
"line_item/crop_01870.jpg","TANGO WAFER CHOCO 27.850","line_item"
"total_belanja/crop_01877.jpg","Total 135.600","total_belanja"
"line_item/crop_01874.jpg","TARO SEAWEED 7.500","line_item"
"line_item/crop_01876.jpg","MIZONE CRSP APPL 5.900","line_item"
"line_item/crop_01873.jpg","QTELS TEMPE 5.400","line_item"
"nama_toko/crop_01878.jpg","INDOMARET","nama_toko"
"line_item/crop_01875.jpg","VISINE ORIGINAL 8ML 12.500","line_item"
"nama_toko/crop_01879.jpg","CAFE SOLO OASIS","nama_toko"
"line_item/crop_01883.jpg","PASTERY COCONUT 23.500","line_item"
"line_item/crop_01882.jpg","CHESS BURGER SALMON 168.675","line_item"
"line_item/crop_01881.jpg","ICE TEA 25.800","line_item"
"total_belanja/crop_01884.jpg","TOTAL 384.164","total_belanja"
"line_item/crop_01880.jpg","MOCA CAPUCINO LARGE 131.265","line_item"
"tanggal_waktu/crop_01885.jpg","05-JULI-2018/19:21:00","tanggal_waktu"
"line_item/crop_01472.jpg","cotch 28.000 x1 28.00","line_item"
"nama_toko/crop_01469.jpg","Project - W","nama_toko"
"line_item/crop_01471.jpg","Berry 31.000 x1 310","line_item"
"tanggal_waktu/crop_01470.jpg","28 Sep 2025 18:40","tanggal_waktu"
"total_belanja/crop_01474.jpg","Rp 73.000","total_belanja"
"line_item/crop_01479.jpg","KACANG PANJANG 0.34 22.700 7875","line_item"
"nama_toko/crop_01482.jpg","PTFRESHMART INDONEST","nama_toko"
"line_item/crop_01478.jpg","CABE RAWIT MERAH 1.00 3200 3200","line_item"
"nama_toko/crop_01475.jpg","PT.FRESHMART INDOREST","nama_toko"
"tanggal_waktu/crop_01476.jpg","01/08/2025 17:19:14","tanggal_waktu"
"total_belanja/crop_01481.jpg","TOTAL : Rp 29.275","total_belanja"
"line_item/crop_01485.jpg","CABE RAWIT MERAH 1.00 5.200 5.200","line_item"
"tanggal_waktu/crop_01490.jpg","04/10/2025 00:00 16:27","tanggal_waktu"
"nama_toko/crop_01489.jpg","PT SMART RETAIL PERKASA","nama_toko"
"total_belanja/crop_01488.jpg","TOTAL RP 29.275","total_belanja"
"tanggal_waktu/crop_01483.jpg","01/08/2025 17:16:14","tanggal_waktu"
"line_item/crop_01486.jpg","KACANG PANJANG 0.34 22.700 7.875","line_item"
"nama_toko/crop_01886.jpg","Pawoon Rasto","nama_toko"
"line_item/crop_01889.jpg","Es Teh Manis 4.000","line_item"
"line_item/crop_01890.jpg","Martabek Telur X1 33.000","line_item"
"total_belanja/crop_01891.jpg","Total 84.700","total_belanja"
"line_item/crop_01888.jpg","Martabak ORIGINAL X2 40.000","line_item"
"tanggal_waktu/crop_01887.jpg","2017-07-23 08:45:34","tanggal_waktu"
"tanggal_waktu/crop_00242.jpg","18-05-2017 06:51:42","tanggal_waktu"
"nama_toko/crop_01892.jpg","JAKARTA","nama_toko"
"total_belanja/crop_00241.jpg","Total 4.500","total_belanja"
"nama_toko/crop_00243.jpg","ALFAMART","nama_toko"
"tanggal_waktu/crop_01893.jpg","22 SEP 2024 16.49","tanggal_waktu"
"line_item/crop_00240.jpg","SaRI RoTI SW CK 1 4,500 4,500","line_item"
"line_item/crop_01898.jpg","MULTI ML-08 1KG 28.900","line_item"
"tanggal_waktu/crop_01897.jpg","01.03 25 19:27","tanggal_waktu"
"total_belanja/crop_01896.jpg","Total Rp232.000","total_belanja"
"line_item/crop_01899.jpg","Paseo SMART MINIONS 15.000","line_item"
"line_item/crop_00244.jpg","SARI ROTI SW 1X 4.500 4.500","line_item"
"line_item/crop_01894.jpg","ANTI GORES IPHONE 6 100.000","line_item"
"line_item/crop_01901.jpg","RINSO CLASIC FRESH 11.000","line_item"
"line_item/crop_01900.jpg","KPROTEX DAILY COMFORT 15.000","line_item"
"nama_toko/crop_01904.jpg","SUPERMARKET","nama_toko"
"total_belanja/crop_01903.jpg","Total Rp 80.500","total_belanja"
"nama_toko/crop_01905.jpg","UNGGUL MART","nama_toko"
"line_item/crop_01902.jpg","Paseo BABU WIPES 10.600","line_item"
"tanggal_waktu/crop_01906.jpg","31.10.24 19:47","tanggal_waktu"
"line_item/crop_01895.jpg","ANTI GORES IPHONE 1 PCS X 100.000 Rp 100.000","line_item"
"line_item/crop_01074.jpg","Sport Bra RP 40.000 1X Rp 40.000 RP 40.000","line_item"
"tanggal_waktu/crop_01514.jpg","03 OCT 2025","tanggal_waktu"
"tanggal_waktu/crop_01512.jpg","01-10-2025 20:37:24","tanggal_waktu"
"nama_toko/crop_01513.jpg","PUSAT CANTIKK","nama_toko"
"nama_toko/crop_01517.jpg","HERA ACCESSORIES","nama_toko"
"line_item/crop_01519.jpg","Anting Titanium 25 25.000 25.000","line_item"
"line_item/crop_01521.jpg","CINCIN STAINLESS 10.000 10.000","line_item"
"line_item/crop_01520.jpg","KALUNG TITANIUM 48.000 48.000","line_item"
"tanggal_waktu/crop_01518.jpg","02/10/2025 20.04","tanggal_waktu"
"total_belanja/crop_01516.jpg","TOTAL 58.000","total_belanja"
"line_item/crop_01527.jpg","1 KULIT CRISPY 12.000","line_item"
"line_item/crop_01526.jpg","1 AYAM ANCUR JUMBO + NASI 22.000","line_item"
"tanggal_waktu/crop_01524.jpg","09 OKT 25 12:00","tanggal_waktu"
"line_item/crop_01525.jpg","1 AYAM ANCUR + NASI 15.000","line_item"
"total_belanja/crop_01522.jpg","TOTAL AKHIR 83.000","total_belanja"
"nama_toko/crop_01523.jpg","AYAM ANCUR KARIMATA","nama_toko"
"tanggal_waktu/crop_01531.jpg","09 OKT 2025 12:42","tanggal_waktu"
"line_item/crop_01532.jpg","MATCHA CHOCO 30.000","line_item"
"line_item/crop_01528.jpg","1 ES TAWAR  2.000","line_item"
"nama_toko/crop_01530.jpg","703 Coffee","nama_toko"
"total_belanja/crop_01529.jpg","Total 51.000","total_belanja"
"line_item/crop_01533.jpg","RED VELVET LATTE ICE 25.000","line_item"
"tanggal_waktu/crop_01536.jpg","U9 Oct 2025 12:42","tanggal_waktu"
"total_belanja/crop_01539.jpg","Total 66.000","total_belanja"
"total_belanja/crop_01534.jpg","Total Rp.56.000","total_belanja"
"line_item/crop_01537.jpg","MATCHA CHOCO 30.000","line_item"
"nama_toko/crop_01535.jpg","703 coffee","nama_toko"
"line_item/crop_01538.jpg","Red Velvet Latte Ice 25.000 25.000","line_item"
"total_belanja/crop_01544.jpg","TOTAL 45.000","total_belanja"
"line_item/crop_01543.jpg","VERONA STRONG 24.000","line_item"
"nama_toko/crop_01540.jpg","CHATTING CAFE & DIMSUM TANRAY","nama_toko"
"line_item/crop_01542.jpg","Wonton Goreng Kuah SPICY 21.00O","line_item"
"nama_toko/crop_01545.jpg","ALFAMART","nama_toko"
"tanggal_waktu/crop_01541.jpg","10 Okt 25 13:22","tanggal_waktu"
"tanggal_waktu/crop_01548.jpg","15-10-2025 09:03:07","tanggal_waktu"
"line_item/crop_00500.jpg","FF SKM PTH 490G 2 13.700 27.400","line_item"
"line_item/crop_01546.jpg","BUITA MBO 245ML 10.000 10.000","line_item"
"line_item/crop_00502.jpg","KP Branding L 1 200 200","line_item"
"total_belanja/crop_01547.jpg","Total Item 10.000","total_belanja"
"line_item/crop_00501.jpg","DJARUM SM BLKI6 1 19.200 19.200","line_item"
"line_item/crop_00507.jpg","SCORLINES PAYUN 1 52.400 52.400","line_item"
"line_item/crop_00503.jpg","INDOMIE GPRK85G 2 2.600 5.200","line_item"
"total_belanja/crop_00504.jpg","Total Item 4 52.000","total_belanja"
"line_item/crop_00508.jpg","STAMP ROYALVKB 1 1 1","line_item"
"nama_toko/crop_00506.jpg","ALFAMART","nama_toko"
"tanggal_waktu/crop_00505.jpg","27-07-2019 16:01:10","tanggal_waktu"
"line_item/crop_00512.jpg","SCORLINES PAYUN 1 52.400 52.400","line_item"
"line_item/crop_00513.jpg","STAMP ROYALVKB 1 1 1","line_item"
"total_belanja/crop_00509.jpg","Total Belanja 39.900","total_belanja"
"tanggal_waktu/crop_00510.jpg","19-03-2017 15:28:45.","tanggal_waktu"
"nama_toko/crop_00511.jpg","ALFAMART","nama_toko"
"total_belanja/crop_00514.jpg","Total Belanja 39.900","total_belanja"
"tanggal_waktu/crop_00517.jpg","02 Mar 2019 12:53:48P","tanggal_waktu"
"tanggal_waktu/crop_00515.jpg","19-03-2017 15:28:45","tanggal_waktu"
"line_item/crop_00518.jpg","1 Chicken Torta $6.50","line_item"
"line_item/crop_00520.jpg","1 CUSTOM ITEM $0.50","line_item"
"line_item/crop_00519.jpg","1 Horchata $0.0O","line_item"
"nama_toko/crop_00516.jpg","BRASAS RESTAURANT","nama_toko"
"total_belanja/crop_00521.jpg","Total $9.97","total_belanja"
"tanggal_waktu/crop_00526.jpg","19--03-2017 15:28:45","tanggal_waktu"
"total_belanja/crop_00525.jpg","Total Belanja 39.900","total_belanja"
"line_item/crop_00523.jpg","SCORLINES PAYUN 1 52.400 52.400","line_item"
"line_item/crop_00524.jpg","STAMP ROYALVKB 1 1 1","line_item"
"nama_toko/crop_00522.jpg","ALFAMART","nama_toko"
"tanggal_waktu/crop_01550.jpg","15 Okt 25 14:52","tanggal_waktu"
"nama_toko/crop_00527.jpg","ALFAMART","nama_toko"
"line_item/crop_00528.jpg","SARI ROTI SW CK 1 4.500 4.500","line_item"
"line_item/crop_01551.jpg","CHATTING STRONG 25.000","line_item"
"line_item/crop_01552.jpg","PotaTo PLATTER 27.000","line_item"
"line_item/crop_00929.jpg","Hhípped Cream $2.50","line_item"
"total_belanja/crop_01557.jpg","Total 5.000","total_belanja"
"nama_toko/crop_01554.jpg","CHATTING CAFE & DIMSUM TANRAY","nama_toko"
"tanggal_waktu/crop_01555.jpg","20 Okt 25 15:39","tanggal_waktu"
"line_item/crop_01556.jpg","ICE CREAM 5.000","line_item"
"nama_toko/crop_01558.jpg","CHATTING CAFE & DIMSUM TANRAY","nama_toko"
"total_belanja/crop_01553.jpg","Total 52.000","total_belanja"
"line_item/crop_01560.jpg","ICE CREAM 5.000","line_item"
"tanggal_waktu/crop_01559.jpg","20 Okt 25 15:39","tanggal_waktu"
"total_belanja/crop_01564.jpg","TOTAL ITEM 4.700","total_belanja"
"line_item/crop_01563.jpg","AIR 600ML 4.700","line_item"
"nama_toko/crop_01562.jpg","ALFAMART TANJUNG HULU","nama_toko"
"total_belanja/crop_01561.jpg","Total 5.000","total_belanja"
"line_item/crop_01569.jpg","1 DIMSUM AYAM 12.000","line_item"
"tanggal_waktu/crop_01565.jpg","23-10-225 17:37:18","tanggal_waktu"
"total_belanja/crop_01570.jpg","TOTAL 28.000","total_belanja"
"line_item/crop_01568.jpg","1 Teh ES JUMBO 6.000","line_item"
"line_item/crop_01567.jpg","1 MERCON LEVEL 0 10.000","line_item"
"tanggal_waktu/crop_01566.jpg","27/10/2025 21.27.21","tanggal_waktu"
"nama_toko/crop_01571.jpg","MIELEPAR","nama_toko"
"tanggal_waktu/crop_01573.jpg","27-10-2025 23:04","tanggal_waktu"
"line_item/crop_01574.jpg","ESTLE 150OML 6.000","line_item"
"total_belanja/crop_01576.jpg","Total Rp 9.200","total_belanja"
"nama_toko/crop_01572.jpg","IONE Mart","nama_toko"
"line_item/crop_01575.jpg","SedaaP Coreng Ayam Bakar Limau 3.200","line_item"
"line_item/crop_00341.jpg","2 DOUBLE DIP tky bowl barley 1 past bowl barley 27.98","line_item"
"line_item/crop_00342.jpg","1 KNISH 0.00","line_item"
"tanggal_waktu/crop_01578.jpg","27-10-2025 22:26","tanggal_waktu"
"nama_toko/crop_01577.jpg","IONE MART","nama_toko"
"line_item/crop_01579.jpg","ICE MOCHI BeraS Ketan 30g 3.000","line_item"
"tanggal_waktu/crop_00340.jpg","12:05 03/05/17","tanggal_waktu"
"line_item/crop_00346.jpg","2 WATER 0.0","line_item"
"total_belanja/crop_00347.jpg","TOTAL: 41.32","total_belanja"
"line_item/crop_00345.jpg","1 COFFEE 1.9","line_item"
"line_item/crop_00343.jpg","1 ROUND 3.99","line_item"
"line_item/crop_00344.jpg","1 KASHE SIDE 3.99","line_item"
"nama_toko/crop_00348.jpg","AlFAMART","nama_toko"
"line_item/crop_00349.jpg","SUNLG MINT 755 25.200 25.200","line_item"
"line_item/crop_00354.jpg","SUNLG MINT 755 25.200 25.200","line_item"
"nama_toko/crop_00352.jpg","AlFAMART CILANDAK KKO 5","nama_toko"
"tanggal_waktu/crop_00351.jpg","18-03-2022 06:28:44","tanggal_waktu"
"total_belanja/crop_00350.jpg","Total Item 1 25.200","total_belanja"
"tanggal_waktu/crop_00353.jpg","18-03-2022 06:28:44","tanggal_waktu"
"total_belanja/crop_00355.jpg","Total Item 1 25.200","total_belanja"
"line_item/crop_00358.jpg","1 Tegliatella al Ragu $14.90","line_item"
"total_belanja/crop_00361.jpg","Total $61.80","total_belanja"
"tanggal_waktu/crop_00356.jpg","27-Apr-2017 6:21:59P","tanggal_waktu"
"line_item/crop_00359.jpg","1 Cappellacci Di Zucca $18.90","line_item"
"nama_toko/crop_00357.jpg","VIA EMILIA 9","nama_toko"
"nama_toko/crop_00362.jpg","MOONSTaR RESTAURANT","nama_toko"
"tanggal_waktu/crop_00365.jpg","18:08","tanggal_waktu"
"tanggal_waktu/crop_00367.jpg","04/24/2018 7:06 PM","tanggal_waktu"
"nama_toko/crop_00366.jpg","Taco Time","nama_toko"
"total_belanja/crop_00363.jpg","TOTAL: 146.57","total_belanja"
"line_item/crop_00364.jpg","5 FRI-SUN DINNER $29.88 149.40","line_item"
"tanggal_waktu/crop_00371.jpg","Date 10-20-2018 Time 12:37P","tanggal_waktu"
"nama_toko/crop_00370.jpg","RED & Hot II","nama_toko"
"total_belanja/crop_00369.jpg","Total 6.59","total_belanja"
"line_item/crop_00374.jpg","1 (I.)Veg Spare Ribs BBS 7.65 W/R","line_item"
"line_item/crop_00368.jpg","SAT TACO BF 5.99","line_item"
"line_item/crop_00372.jpg","1 Vegetable Roll 0.00 Egg Roll","line_item"
"total_belanja/crop_00375.jpg","TOTAL: 23.46","total_belanja"
"nama_toko/crop_00936.jpg","PT. SUMBER ALFARIA TRIJAYA,TBK","nama_toko"
"line_item/crop_00604.jpg","COKE 3.65","line_item"
"tanggal_waktu/crop_00603.jpg","11/01/2018 7:30 PM","tanggal_waktu"
"line_item/crop_00360.jpg","1 Stufato Al Latte Di Ravenna $22.90","line_item"
"nama_toko/crop_00602.jpg","DAILY GRILL","nama_toko"
"line_item/crop_00608.jpg","Eye Steak Broccoli 35.75","line_item"
"nama_toko/crop_00610.jpg","GO MONGO BBQ","nama_toko"
"line_item/crop_00605.jpg","Short Rib 27.95","line_item"
"total_belanja/crop_00609.jpg","91.45","total_belanja"
"line_item/crop_00606.jpg","Diet Coke 3.65","line_item"
"line_item/crop_00607.jpg","Crispy Naked Wings 11.95","line_item"
"total_belanja/crop_00614.jpg","total $52.86","total_belanja"
"nama_toko/crop_00616.jpg","N.CITRUS AVS","nama_toko"
"tanggal_waktu/crop_00611.jpg","Jan 28 2018 5:48:07","tanggal_waktu"
"line_item/crop_01580.jpg","AICE MILK MELON STICK 50g 3.000","line_item"
"line_item/crop_00612.jpg","BBQ Dinner $10.99 x4 $47.15","line_item"
"line_item/crop_00613.jpg","beverage $2.29 x2 $4.91","line_item"
"total_belanja/crop_01583.jpg","Total Rp 20.000","total_belanja"
"line_item/crop_01582.jpg","PASEA SMART 540 SHEETS 10.500","line_item"
"nama_toko/crop_01584.jpg","ROONA COFFEE P.AIM","nama_toko"
"tanggal_waktu/crop_01585.jpg","28 Okt 25 15:37","tanggal_waktu"
"line_item/crop_01581.jpg","AICE SEMANGKA STICK 3.500","line_item"
"line_item/crop_01586.jpg","ROONA COFFEE 20.000","line_item"
"total_belanja/crop_01587.jpg","TOTAL 20.000","total_belanja"
"tanggal_waktu/crop_01589.jpg","27 OKT 2025 15:01","tanggal_waktu"
"total_belanja/crop_01591.jpg","TOTAL 100.000","total_belanja"
"line_item/crop_01590.jpg","1 ROLL CAKE SWEET TARO 100.000","line_item"
"nama_toko/crop_01588.jpg","WARUNG KUE","nama_toko"
"nama_toko/crop_01592.jpg","WARUNG Kue","nama_toko"
"total_belanja/crop_01595.jpg","Total 100.000","total_belanja"
"tanggal_waktu/crop_01593.jpg","27 Okt 25 15:01","tanggal_waktu"
"tanggal_waktu/crop_01597.jpg","28 Okt 25 13:48","tanggal_waktu"
"line_item/crop_01598.jpg","Butterscotch ICED Latte 28.000","line_item"
"nama_toko/crop_01596.jpg","Roona Coffee","nama_toko"
"line_item/crop_01594.jpg","ROLL CaKE Sweet TARO 100.000","line_item"
"tanggal_waktu/crop_01604.jpg","28.10.25-13:40","tanggal_waktu"
"total_belanja/crop_01599.jpg","Total 26.000","total_belanja"
"total_belanja/crop_01602.jpg","TOTAL BELANJA 3.900","total_belanja"
"line_item/crop_01605.jpg","NESTLE PURE LIFE 600 3.900","line_item"
"line_item/crop_01601.jpg","NESTLE PURE LIFE 600 3.900 3.900","line_item"
"nama_toko/crop_01603.jpg","INDOMARET","nama_toko"
"nama_toko/crop_01607.jpg","AMPERA RAYA","nama_toko"
"nama_toko/crop_01611.jpg","AMPERA RAYA","nama_toko"
"tanggal_waktu/crop_01608.jpg","28.10.25-13:40","tanggal_waktu"
"line_item/crop_01609.jpg","NESTLE PURE LIFE 600 3.900","line_item"
"total_belanja/crop_01606.jpg","TOTAL BELANJA 3.900","total_belanja"
"total_belanja/crop_01610.jpg","TOTAL BELANJA 3.900","total_belanja"
"line_item/crop_01613.jpg","Nestle Pure Life 1.5 2 8.900 17.800","line_item"
"nama_toko/crop_01616.jpg","INDOMARET","nama_toko"
"line_item/crop_01614.jpg","1DM KTG PLSTK 1W BSR 1 300","line_item"
"tanggal_waktu/crop_01617.jpg","28.10.25-12:22","tanggal_waktu"
"tanggal_waktu/crop_01612.jpg","20.10.25-12:22","tanggal_waktu"
"total_belanja/crop_01615.jpg","Total Belanja 16.600","total_belanja"
"tanggal_waktu/crop_01622.jpg","28.10.25-21:32","tanggal_waktu"
"line_item/crop_01618.jpg","NESTLE Pure LIFE 1.5 2 8.900 17.800","line_item"
"line_item/crop_00660.jpg","1 Fren Onion Soup 5.95","line_item"
"total_belanja/crop_01620.jpg","ToTAL BelAnJa 16.600","total_belanja"
"nama_toko/crop_01621.jpg","INDOMARET","nama_toko"
"line_item/crop_01619.jpg","IDM KTG PLSTK 1w BSR 300 300","line_item"
"total_belanja/crop_00663.jpg","TOTAL DUE $94.18","total_belanja"
"line_item/crop_00662.jpg","1 Hanger SizzIe 24.95","line_item"
"line_item/crop_01623.jpg","SAMPOERNA MILD 16 38.000 38.000","line_item"
"nama_toko/crop_00664.jpg","RINCON MEXICANO","nama_toko"
"line_item/crop_00661.jpg","1 Pork Chop 21.95","line_item"
"total_belanja/crop_01624.jpg","TOTAL BELANJA 38.000","total_belanja"
"tanggal_waktu/crop_01626.jpg","28.10.25-21:32","tanggal_waktu"
"nama_toko/crop_01625.jpg","INDOMARET","nama_toko"
"nama_toko/crop_01682.jpg","Mie Ayam Bakso Bawor","nama_toko"
"line_item/crop_01627.jpg","SAMPOERNA MILD 16'S 38.000 38.000","line_item"
"line_item/crop_00943.jpg","Cadillac Margarita (2 @14.00) 28.00 Patron Silver","line_item"
"nama_toko/crop_00979.jpg","MITASU Japanese Restaurant Sdn BHD","nama_toko"
"line_item/crop_01633.jpg","WINDFOOD 6.500","line_item"
"nama_toko/crop_01631.jpg","ARRAIHAN MART","nama_toko"
"tanggal_waktu/crop_01632.jpg","03-05-2026 19:12","tanggal_waktu"
"nama_toko/crop_01630.jpg","Ampera Raya","nama_toko"
"total_belanja/crop_01634.jpg","Total BELANJA 10.000","total_belanja"
"tanggal_waktu/crop_01629.jpg","indomaret","tanggal_waktu"
"line_item/crop_01637.jpg","HERBADRINK 2.500","line_item"
"line_item/crop_01640.jpg","SEDAPP MIE CUP SINGAPORE SPICY 4.200","line_item"
"line_item/crop_01635.jpg","GEMEZ ENAK 3.000","line_item"
"line_item/crop_01636.jpg","HERADRINK 2.500","line_item"
"line_item/crop_01638.jpg","ROMA SARI 7.000","line_item"
"line_item/crop_01639.jpg","HAPPY TOS 9.800","line_item"
"line_item/crop_01645.jpg","TAB MINI 3.500","line_item"
"total_belanja/crop_01646.jpg","Total 56.700","total_belanja"
"line_item/crop_01644.jpg","MITU WIPES 9.500","line_item"
"line_item/crop_01641.jpg","SUKSES ISI2 3.500","line_item"
"line_item/crop_01642.jpg","SPAGETI Heaty 2 2.800 5.600","line_item"
"line_item/crop_01643.jpg","WOW SPAGETI CREAMY CARBONARA 5.600","line_item"
"nama_toko/crop_01649.jpg","Makmur idn","nama_toko"
"line_item/crop_01651.jpg","Chicken Sandwich 1 22.000","line_item"
"line_item/crop_01652.jpg","mineral 1 5.000","line_item"
"nama_toko/crop_01648.jpg","CV.ROXY BAYUWANGI","nama_toko"
"tanggal_waktu/crop_01650.jpg","25 Apr 26 09:38","tanggal_waktu"
"tanggal_waktu/crop_01647.jpg","01 MEI 2026 15:48","tanggal_waktu"
"total_belanja/crop_01653.jpg","Total 27.000","total_belanja"
"nama_toko/crop_01655.jpg","Sahaja BUSANA","nama_toko"
"line_item/crop_01658.jpg","SPORTY 20 19.000","line_item"
"line_item/crop_01656.jpg","2 PAS KAOS 40 37.5 73.000","line_item"
"tanggal_waktu/crop_01654.jpg","7-3-26","tanggal_waktu"
"line_item/crop_01657.jpg","16.000","line_item"
"nama_toko/crop_01660.jpg","INDOMARET","nama_toko"
"line_item/crop_01662.jpg","CIMORY SQ2 MANGO 10.000","line_item"
"line_item/crop_01663.jpg","KNZLER SNGLES org 65 9.000 9.000","line_item"
"line_item/crop_01664.jpg","CMORY SQZ 10.000","line_item"
"total_belanja/crop_01659.jpg","110.000","total_belanja"
"tanggal_waktu/crop_01661.jpg","18.12.25-10:58","tanggal_waktu"
"line_item/crop_01666.jpg","POLO COKLAT 12.000","line_item"
"line_item/crop_01665.jpg","PIATTOS SAPI 16.400","line_item"
"tanggal_waktu/crop_01670.jpg","05-05-2026 17:27","tanggal_waktu"
"line_item/crop_01667.jpg","PLASTIK CROISSANT 500","line_item"
"total_belanja/crop_01668.jpg","TOTAL BELANJA 57.400","total_belanja"
"nama_toko/crop_01669.jpg","SFC","nama_toko"
"line_item/crop_00463.jpg","KP BRANDING (S) -1 200 -200","line_item"
"nama_toko/crop_00461.jpg","ALFAMART","nama_toko"
"line_item/crop_00465.jpg","SOFTEX M23CM30P 1 29.100 29.100","line_item"
"line_item/crop_00464.jpg","KIRANTIORG150ML 1 9.800 9.800","line_item"
"nama_toko/crop_00460.jpg","Bakpau Pontianak Kota","nama_toko"
"line_item/crop_00462.jpg","KP BRANDING (S) 1 200 200","line_item"
"tanggal_waktu/crop_00468.jpg","05-10-2025 11:21:04","tanggal_waktu"
"total_belanja/crop_00467.jpg","Total Belanja 41.700","total_belanja"
"nama_toko/crop_00469.jpg","ALFAMART","nama_toko"
"line_item/crop_00470.jpg","KP BRANDING (S) 1 200 200","line_item"
"line_item/crop_00471.jpg","KP BRANDING (S) -1 200 -200","line_item"
"line_item/crop_00466.jpg","ALFA AIR 600ML 3 4.000 12.000","line_item"
"total_belanja/crop_00475.jpg","Total Belenja 41.700","total_belanja"
"nama_toko/crop_00477.jpg","IONE MART","nama_toko"
"tanggal_waktu/crop_00476.jpg","05-10-2025 11:21:04","tanggal_waktu"
"line_item/crop_00472.jpg","KIRANTIORG150ML 1 9.800 9.800","line_item"
"line_item/crop_00473.jpg","SOFTEX M23CM30P 1 29.100 29.100","line_item"
"line_item/crop_00474.jpg","ALFA AIR 600ML 3 4.000 12.000","line_item"
"tanggal_waktu/crop_01243.jpg","02-10-2025 14:07","tanggal_waktu"
"total_belanja/crop_00480.jpg","Total 8.000","total_belanja"
"tanggal_waktu/crop_00478.jpg","05-10-2025 17:38","tanggal_waktu"
"total_belanja/crop_01413.jpg","Total : 154.000","total_belanja"
"total_belanja/crop_01244.jpg","Grand Total 25.000","total_belanja"
"line_item/crop_00479.jpg","NESTLE BOTOL 3.000","line_item"
"tanggal_waktu/crop_01246.jpg","02-10-2025 14:05","tanggal_waktu"
"nama_toko/crop_01245.jpg","Guulak Merdeka","nama_toko"
"line_item/crop_01247.jpg","YANGYAOM CHICKEN BAO 25.000","line_item"
"total_belanja/crop_01248.jpg","Grand Total 25.000","total_belanja"
"nama_toko/crop_01249.jpg","KOFC","nama_toko"
"tanggal_waktu/crop_01250.jpg","09/06/25 19:35","tanggal_waktu"
"line_item/crop_01251.jpg","TEH ES 5.000","line_item"
"total_belanja/crop_01253.jpg","Total (2) 28.00O","total_belanja"
"line_item/crop_01252.jpg","Paket ayam penyet 23.000","line_item"
"nama_toko/crop_01254.jpg","sanCha","nama_toko"
"line_item/crop_01256.jpg","PISTACHIO MILK TEA 48.000","line_item"
"tanggal_waktu/crop_01255.jpg","28-09-2025 20:18","tanggal_waktu"
"line_item/crop_01257.jpg","CAPPUCINO MILK TEA","line_item"
"tanggal_waktu/crop_01187.jpg","18-04-2026 16.04","tanggal_waktu"
"total_belanja/crop_01186.jpg","TOTAL 95.000","total_belanja"
"tanggal_waktu/crop_01193.jpg","1/5/26","tanggal_waktu"
"total_belanja/crop_01690.jpg","TOTAL BELANJA 18.500","total_belanja"
"nama_toko/crop_01194.jpg","THIAM","nama_toko"
"line_item/crop_01195.jpg","26 ICE CUBE 5.000","line_item"
"nama_toko/crop_01198.jpg","THIAM","nama_toko"
"line_item/crop_01282.jpg","NESTLE 600ML(24) 2 BTL 3.000 = 6.000","line_item"
"line_item/crop_01199.jpg","36 ICE CUBE 5.000","line_item"
"total_belanja/crop_01196.jpg","Jumleh 130.000","total_belanja"
"tanggal_waktu/crop_01197.jpg","2/5/26","tanggal_waktu"
"line_item/crop_01288.jpg","7876901 INDOMIE RAMEN 86G TOR 5.800","line_item"
"total_belanja/crop_01283.jpg","Total Rp. =  6.000","total_belanja"
"tanggal_waktu/crop_01286.jpg","PT. Mitra Ritelindo Lestari","tanggal_waktu"
"line_item/crop_01287.jpg","6033811 indomie 85g grg speci 3.200","line_item"
"line_item/crop_01289.jpg","6044671 PANTENE SHP 160M A KT 30.900 DSC:4400= -4.400","line_item"
"tanggal_waktu/crop_01284.jpg","05-10-2025 17:38 Ione2","tanggal_waktu"
"nama_toko/crop_01231.jpg","Roona Coffee P.AIM","nama_toko"
"total_belanja/crop_01235.jpg","TOTAL 35.000","total_belanja"
"line_item/crop_01234.jpg","AREN COFFEE 28.000","line_item"
"nama_toko/crop_01236.jpg","ROON COFFEE P.AIM","nama_toko"
"tanggal_waktu/crop_01232.jpg","23 Sep 25 16:18","tanggal_waktu"
"line_item/crop_01233.jpg","AMERICANO 15.000","line_item"
"line_item/crop_01258.jpg","Packaging Large 5.000","line_item"
"line_item/crop_01239.jpg","AREN COFFEE 28.000","line_item"
"line_item/crop_01238.jpg","AMERICANO 15.000","line_item"
"nama_toko/crop_01241.jpg","Guulak Merdeka","nama_toko"
"tanggal_waktu/crop_01237.jpg","23 Sep 25 16:18","tanggal_waktu"
"nama_toko/crop_00700.jpg","The Place 2 Be","nama_toko"
"line_item/crop_00703.jpg","Nutella Coconut Pancakes $8.00","line_item"
"line_item/crop_00704.jpg","American Coffee $1.75","line_item"
"total_belanja/crop_00706.jpg","Total $22.87","total_belanja"
"tanggal_waktu/crop_00701.jpg","17-Feb-2018 9:41:47A","tanggal_waktu"
"nama_toko/crop_00707.jpg","ALFAMART","nama_toko"
"line_item/crop_00705.jpg","Cheddar Grits $10.00","line_item"
"tanggal_waktu/crop_00711.jpg","9/3/2013 Jam: 10:14:04","tanggal_waktu"
"nama_toko/crop_00713.jpg","Araxi Burger Aventura","nama_toko"
"tanggal_waktu/crop_00712.jpg","03/17/19 5:39 PM","tanggal_waktu"
"line_item/crop_00708.jpg","SARI ROTI KRIM CK 1 3.500 3.500","line_item"
"line_item/crop_00709.jpg","OVALTINE 1 28.500 28.500","line_item"
"total_belanja/crop_00710.jpg","Total Item 2 32.000","total_belanja"
"line_item/crop_00715.jpg","2 Vanilla Bean $12.00","line_item"
"line_item/crop_00716.jpg","Classic Burger 4oz $8.00","line_item"
"line_item/crop_00702.jpg","American Coffee $1.75","line_item"
"line_item/crop_00761.jpg","PEPSI COLA PET 41 2 3.000 6.000","line_item"
"total_belanja/crop_00714.jpg","$38.68","total_belanja"
"line_item/crop_00760.jpg","2 FOUNTAIN MEDIUM 3.50","line_item"
"line_item/crop_01298.jpg","4711 NABATI WF 75G RICHOCO 5.500","line_item"
"line_item/crop_01428.jpg","Stranberry Latte 1x 25.455 25.455","line_item"
"total_belanja/crop_01320.jpg","Total Bayar 70.000","total_belanja"
"line_item/crop_01319.jpg","WONTON GORENG KUAH 21.000 SPICY","line_item"
"line_item/crop_01317.jpg","CHATTING STRONG 25.000","line_item"
"line_item/crop_01318.jpg","VERONA STRONG 24.000","line_item"
"line_item/crop_01292.jpg","6034171 SEDAAP MIE 70G AYAM B 3.200","line_item"
"nama_toko/crop_01321.jpg","CHATTING CAFE & DIMSUM SUMATERA","nama_toko"
"line_item/crop_01323.jpg","Chatting STRONG 25.000","line_item"
"line_item/crop_01743.jpg","MISTER KENTANG GORENG 2.000","line_item"
"tanggal_waktu/crop_01322.jpg","07 Okt 25 16:22","tanggal_waktu"
"line_item/crop_01291.jpg","6592421 INDOMIE 90g GORENG AC 3.200","line_item"
"line_item/crop_01296.jpg","6559681 JULIES PEANUT BUTTER 9.700","line_item"
"line_item/crop_01295.jpg","6034691 SARIMI DUO 125G GG AY 4.00O","line_item"
"line_item/crop_01293.jpg","7961471 DENEX COOKIES 90G BUT 7.300","line_item"
"line_item/crop_01299.jpg","6072331 DAIA DTRG 800g ROHMANT 15.900","line_item"
"line_item/crop_01324.jpg","VERONA  STRONG 24,000","line_item"
"line_item/crop_01294.jpg","6246041 ROMA SLAI O'LAI 192G 9.900","line_item"
"line_item/crop_01329.jpg","USUS CRISPI New D.VA 10.000","line_item"
"nama_toko/crop_01327.jpg","PT. SMART RETAIL PERKASA","nama_toko"
"total_belanja/crop_01326.jpg","Total 70.000","total_belanja"
"nama_toko/crop_01331.jpg","PT. SMART RETAIL PERKASA","nama_toko"
"line_item/crop_01325.jpg","WONTON GORENG KUAH 21.000 SPICY","line_item"
"total_belanja/crop_01330.jpg","Total: 10.000","total_belanja"
"tanggal_waktu/crop_01332.jpg","03/10/2025 00:00 12:07","tanggal_waktu"
"tanggal_waktu/crop_01336.jpg","01/10/2025 00:00 16:18","tanggal_waktu"
"nama_toko/crop_01335.jpg","PT. SMART RETAIL PERKASA","nama_toko"
"line_item/crop_01340.jpg","MILO UHT 180ML ACTIV-GO 5.500","line_item"
"line_item/crop_01333.jpg","USUS CRISPI NEW DIVA 10.000","line_item"
"total_belanja/crop_01334.jpg","Total: 10.000","total_belanja"
"line_item/crop_01344.jpg","PURBASARI LULUR 200GR BENGKOAN 18.000","line_item"
"line_item/crop_01341.jpg","RESIK V KHASIAT 5OML MANJAKANI 12.000","line_item"
"line_item/crop_01343.jpg","KOJIESAN ACID SOAP 60GR LIGHTTE 32.000 2 * 16.000","line_item"
"line_item/crop_01342.jpg","MY BABY HAIR&BBW 200ML HL 17.100","line_item"
"line_item/crop_01345.jpg","MADAME GIE SHOWER GLOW BW 300M 23.500","line_item"
"line_item/crop_01346.jpg","TRESEMME SHP 12X8ML KERATIN 8M 11.000","line_item"
"line_item/crop_01350.jpg","ASAM PAYAK AIR / KG 31.320","line_item"
"total_belanja/crop_01352.jpg","Total: 271.520","total_belanja"
"line_item/crop_01349.jpg","PUCELLE SPLASH COL 175ML MARIN 19.000","line_item"
"line_item/crop_01347.jpg","SUNSILK CREAMBATH SILKY SMOOTH 7.600","line_item"
"line_item/crop_01348.jpg","PEPSODENT PG 65GR COMPLETE 8H 6.000","line_item"
"line_item/crop_01351.jpg","HORNET GOODIE BAG 38X35 MACHO 4.000","line_item"
"nama_toko/crop_01353.jpg","PT. Mitra Ritelindo Lestari","nama_toko"
"line_item/crop_01357.jpg","6267751 ROTI PICANTO SOSIS PC 10.500 dsc:40%= -4.200","line_item"
"tanggal_waktu/crop_01354.jpg","03-10-25 16:59","tanggal_waktu"
"line_item/crop_01358.jpg","7530981 DONAT OREO PCS 10.800 dsc:40%= -4.320","line_item"
"line_item/crop_01356.jpg","7119781 ROTI DOBLE SHEESE PC 13.000","line_item"
"line_item/crop_01355.jpg","7511391 roti karet keju choco 9'S PCS SRS 2x 18.000 36.000","line_item"
"total_belanja/crop_00801.jpg","Total $41.31","total_belanja"
"line_item/crop_00800.jpg","HI HNLKO 4.712% GET 1.86","line_item"
"tanggal_waktu/crop_00803.jpg","5/19/2019 11:38 AM","tanggal_waktu"
"nama_toko/crop_00802.jpg","JALISCO","nama_toko"
"line_item/crop_02973.jpg","70g P.Copy 450'S 2pc 13.69 27.38","line_item"
"line_item/crop_00804.jpg","Water 0.00","line_item"
"line_item/crop_00809.jpg","1 Paneur Butter Masala 12.99","line_item"
"line_item/crop_00808.jpg","1 Dal Fry 10.99","line_item"
"total_belanja/crop_00806.jpg","TOTAL 10.00","total_belanja"
"line_item/crop_00810.jpg","rice 3.98","line_item"
"line_item/crop_00805.jpg","Caldo da Camaron","line_item"
"nama_toko/crop_00807.jpg","Deccan Spice","nama_toko"
"line_item/crop_00901.jpg","1 SALMERINO PIASTRA 18.00","line_item"
"line_item/crop_00900.jpg","2 ACQUA NAT 8.00","line_item"
"line_item/crop_00811.jpg","1 Deccan Special Biryani 14.89","line_item"
"line_item/crop_00903.jpg","SPAGHETTI POM. BASILICO 10.00","line_item"
"line_item/crop_00902.jpg","TRENETTE AL PESTO 13.00","line_item"
"line_item/crop_00812.jpg","rice 1.00","line_item"
"line_item/crop_00905.jpg","PATATINE FRITTE 6.00","line_item"
"total_belanja/crop_00906.jpg","TOTALE 82.00","total_belanja"
"nama_toko/crop_00908.jpg","YAUATCHA","nama_toko"
"total_belanja/crop_00909.jpg","Total Due $88.62","total_belanja"
"line_item/crop_00904.jpg","FETTUCCINE RAGU' 15.00","line_item"
"tanggal_waktu/crop_00907.jpg","14/07/2019 16:23","tanggal_waktu"
"line_item/crop_00911.jpg","Seafood Puff 10.80","line_item"
"line_item/crop_00912.jpg","Sesame Prawn Toast 11.80","line_item"
"line_item/crop_00913.jpg","Beancurd Prawn Cheung Fun 10 .80","line_item"
"line_item/crop_00910.jpg","Tender Branch Hibiscus 8.00","line_item"
"line_item/crop_00915.jpg","Poached Beijing Dumpling 5.80","line_item"
"line_item/crop_00914.jpg","XO Scallop Dumpling 8.80","line_item"
"line_item/crop_00917.jpg","Tea Smoked Pork Ribs 22.00","line_item"
"line_item/crop_00916.jpg","Spinach Dumpling 6.80","line_item"
"nama_toko/crop_00918.jpg","GENERAL POOR'S","nama_toko"
"total_belanja/crop_00921.jpg","Amt Due: $10.70","total_belanja"
"tanggal_waktu/crop_00919.jpg","Date:04/10/16 Time:12:3O","tanggal_waktu"
"line_item/crop_00920.jpg","40 BONELESS WINGS SPEC $10.00","line_item"
"line_item/crop_00924.jpg","Tea $1.45","line_item"
"line_item/crop_00925.jpg","Waffle $5.50","line_item"
"nama_toko/crop_00922.jpg","Yonkers Avenue","nama_toko"
"line_item/crop_00926.jpg","Old Fashlon French Toast $4.50","line_item"
"line_item/crop_00923.jpg","Coffee $1.45","line_item"
"line_item/crop_00927.jpg","Side Home Fries $2.95","line_item"
"total_belanja/crop_01448.jpg","Total RP 28.000","total_belanja"
"tanggal_waktu/crop_01673.jpg","11:20:48 28 MARET 2026","tanggal_waktu"
"line_item/crop_01671.jpg","GEPREK 10K 2 10.000 20.000","line_item"
"line_item/crop_01359.jpg","6264241 DONAT LONG CHEESE PC 10.500 dsc:40%= -4.200","line_item"
"tanggal_waktu/crop_01456.jpg","14 August 2025 20.00","tanggal_waktu"
"total_belanja/crop_01672.jpg","Total: 20.000","total_belanja"
"line_item/crop_01675.jpg","JB MDL 105.000","line_item"
"total_belanja/crop_01676.jpg","Total 120.000","total_belanja"
"line_item/crop_01678.jpg","MIRKO 15.000","line_item"
"total_belanja/crop_01679.jpg","TOTAL 15.000","total_belanja"
"line_item/crop_01674.jpg","GESPER RANTAI 15.000","line_item"
"nama_toko/crop_01677.jpg","CV.ROXY BAYUWANGI","nama_toko"
"nama_toko/crop_01680.jpg","TP.STOMIC","nama_toko"
"line_item/crop_01758.jpg","CHOCO CROISSANT 10.500","line_item"
"nama_toko/crop_02976.jpg","POPULAR BOOK","nama_toko"
"line_item/crop_02974.jpg","Stat-Great Savinx -6.40","line_item"
"tanggal_waktu/crop_02977.jpg","12/01/18 16:52","tanggal_waktu"
"total_belanja/crop_02975.jpg","Total RM 21.00","total_belanja"
"total_belanja/crop_02979.jpg","Total RH 21.00","total_belanja"
"line_item/crop_02978.jpg","70g P.Copy 450'S 2pc 13.69 27.38","line_item"
"line_item/crop_02983.jpg","Scat-Great Sav[Savinx -8.40","line_item"
"nama_toko/crop_02980.jpg","POPULAR BOOK CO. (M) SDN BHD","nama_toko"
"line_item/crop_02982.jpg","70g P.Copy 450'S 2pc 13.69 27.38","line_item"
"tanggal_waktu/crop_02981.jpg","12/01/18 18:52","tanggal_waktu"
"line_item/crop_02987.jpg","14"" MINI ROLLER REFILL 2 2.6500 5.30","line_item"
"line_item/crop_02988.jpg","24""X18"" ROLLERPAINT HANDLE 2 3.1800 6.36","line_item"
"total_belanja/crop_02984.jpg","Tolal RM 21.00","total_belanja"
"line_item/crop_02989.jpg","33.5LRT BLACK OXIDE PAINT 1 30.7400 30.74","line_item"
"tanggal_waktu/crop_02986.jpg","04/12/17 5:06","tanggal_waktu"
"nama_toko/crop_02985.jpg","WAHIN HARDWARE SDN BHD","nama_toko"
"total_belanja/crop_02990.jpg","Total (RM) 42.40","total_belanja"
"line_item/crop_02994.jpg","24""X18"" ROLLERPAINT HANDLE 2 3.1800 6.36","line_item"
"line_item/crop_02993.jpg","14"" MINI ROLLER REFILL 2 2.6500 5.30","line_item"
"nama_toko/crop_02991.jpg","WAHIN HARDWARE SDN BHD","nama_toko"
"line_item/crop_02995.jpg","33.5LRT BLACK OXIDE PAINT 1 30.7400 30.74","line_item"
"tanggal_waktu/crop_02992.jpg","09/12/17 5:06","tanggal_waktu"
"tanggal_waktu/crop_01683.jpg","23 SEP 2025 16:35","tanggal_waktu"
"nama_toko/crop_01184.jpg","FAM MART","nama_toko"
"line_item/crop_01185.jpg","ELPIJI 5.5KG 1 96.000 96.000","line_item"
"line_item/crop_02999.jpg","24""X18"" ROLLERPAINT HANDLE 2 3.1800 6.36","line_item"
"total_belanja/crop_02996.jpg","Total (RM) 42.40","total_belanja"
"nama_toko/crop_02997.jpg","WAHIN HARDWARE SDN BHD","nama_toko"
"tanggal_waktu/crop_01688.jpg","28.09.25-17:08","tanggal_waktu"
"line_item/crop_01686.jpg","ES TEH MANIS 3 5.000 15.000","line_item"
"total_belanja/crop_01687.jpg","Total 55.000","total_belanja"
"line_item/crop_01689.jpg","SKURAT SIRIP 18.500","line_item"
"line_item/crop_01684.jpg","MIE AYAM BAKSO 20.000","line_item"
"line_item/crop_01685.jpg","BAKSO TELOR 20.000","line_item"
"total_belanja/crop_01694.jpg","TOTAL BELANJA 8.400","total_belanja"
"tanggal_waktu/crop_01696.jpg","28.09.25-21:58","tanggal_waktu"
"tanggal_waktu/crop_01692.jpg","28.09.25-21:58","tanggal_waktu"
"nama_toko/crop_01695.jpg","INDOMARET","nama_toko"
"line_item/crop_01693.jpg","PUCUK TEH MELATI 8.400","line_item"
"nama_toko/crop_01691.jpg","indomaret","nama_toko"
"tanggal_waktu/crop_01697.jpg","PUCUK TEH MELATI 8.400","tanggal_waktu"
"nama_toko/crop_01698.jpg","BANYUMAS","nama_toko"
"line_item/crop_01708.jpg","TSHIRT WAFLE 179.000","line_item"
"tanggal_waktu/crop_01699.jpg","28-04-26 11:12:02","tanggal_waktu"
"line_item/crop_01709.jpg","3.000","line_item"
"total_belanja/crop_01710.jpg","TOTAL 72.000","total_belanja"
"tanggal_waktu/crop_01712.jpg","08/05/2026 20:40","tanggal_waktu"
"total_belanja/crop_01713.jpg","Total 23.000","total_belanja"
"nama_toko/crop_01711.jpg","PT Hui Wang Prosperity","nama_toko"
"tanggal_waktu/crop_01716.jpg","11/26/2020","tanggal_waktu"
"nama_toko/crop_01715.jpg","WARUNG NASI AMPERA","nama_toko"
"line_item/crop_01714.jpg","Double Peach 38.000","line_item"
"line_item/crop_01717.jpg","PAKET NIKMAT 20 35.000 700.000","line_item"
"line_item/crop_01718.jpg","TEH BOTOL 500ML 20 7.500 150.000","line_item"
"total_belanja/crop_01721.jpg","TOTAL 152.000","total_belanja"
"nama_toko/crop_01720.jpg","BEE STORE","nama_toko"
"line_item/crop_01722.jpg","HIT NON-STOP SET+REF 17.500","line_item"
"total_belanja/crop_01719.jpg","TOTAL 850.000","total_belanja"
"tanggal_waktu/crop_01727.jpg","19.25.56","tanggal_waktu"
"line_item/crop_01723.jpg","BNB APPLE MAKE ADORABLE 63.500","line_item"
"line_item/crop_01726.jpg","HIT AER 600ML 34.500","line_item"
"line_item/crop_01725.jpg","CUSSONS COLOGNE 100ML 22.000","line_item"
"line_item/crop_01724.jpg","hit non-stop 14.500","line_item"
"nama_toko/crop_01728.jpg","sumber rejeki","nama_toko"
"line_item/crop_01730.jpg","BAJU MUSLIM 48.000","line_item"
"line_item/crop_01731.jpg","BAJU MUSLIMAH 100.000","line_item"
"nama_toko/crop_01733.jpg","Toko KOMPUTER","nama_toko"
"tanggal_waktu/crop_01729.jpg","2020-04-12 19:57:07","tanggal_waktu"
"total_belanja/crop_01732.jpg","Total Rp 148.000","total_belanja"
"line_item/crop_01734.jpg","SORBEI 500","line_item"
"line_item/crop_01735.jpg","KOPI KAPAL API 2.000","line_item"
"total_belanja/crop_01738.jpg","TOTAL BELANJA Rp 8.500","total_belanja"
"line_item/crop_01736.jpg","MISTER KENTANG GORENG 2.000","line_item"
"tanggal_waktu/crop_01739.jpg","06/04/2017 16:41","tanggal_waktu"
"nama_toko/crop_01740.jpg","TOKO KOMPUTER","nama_toko"
"line_item/crop_01737.jpg","SARI ROTI 4.000","line_item"
"nama_toko/crop_01747.jpg","TOKO KOMPUTER","nama_toko"
"line_item/crop_01744.jpg","SARI ROTI 4.000","line_item"
"line_item/crop_01741.jpg","SORBEI 500","line_item"
"tanggal_waktu/crop_01746.jpg","06/04/2017 16:41","tanggal_waktu"
"line_item/crop_01742.jpg","KOPI KAPAL API 2.000","line_item"
"total_belanja/crop_01745.jpg","TOTAL BELANJA 8.500","total_belanja"
"line_item/crop_01749.jpg","SOREI 500","line_item"
"line_item/crop_01752.jpg","SARI ROTI 4.000","line_item"
"line_item/crop_01750.jpg","KOPI KAPAL API 2.000","line_item"
"tanggal_waktu/crop_01748.jpg","06/04/2017 16:41","tanggal_waktu"
"total_belanja/crop_01753.jpg","TOTAL BELANJA 8.500","total_belanja"
"line_item/crop_01751.jpg","MISTER KENTANG GORENG 2.000","line_item"
"nama_toko/crop_01754.jpg","BreadTalk","nama_toko"
"line_item/crop_01757.jpg","Cream Bruille 14.000","line_item"
"line_item/crop_01297.jpg","MARINA HBL 185M UV WH 9.500 DSC:2000= -2.000","line_item"
"line_item/crop_01756.jpg","1 BREAD BUTTER PUDDING 11.500","line_item"
"tanggal_waktu/crop_01755.jpg","10 May 19 16:32:47","tanggal_waktu"
"line_item/crop_01290.jpg","8076351 BEST WOK MIE GRG 75G 4.900","line_item"
"line_item/crop_01763.jpg","COTO 15.000","line_item"
"line_item/crop_01759.jpg","Bank Of Chocolat 7.500","line_item"
"line_item/crop_01764.jpg","TEH MANIS","line_item"
"total_belanja/crop_01760.jpg","TOTAL 43.500","total_belanja"
"tanggal_waktu/crop_01762.jpg","24/07/2015 11:29","tanggal_waktu"
"nama_toko/crop_01761.jpg","COTO DG.SIRUA","nama_toko"
"line_item/crop_01769.jpg","COTO 15.000","line_item"
"nama_toko/crop_01767.jpg","COTO DG.SIRUA","nama_toko"
"line_item/crop_01765.jpg","KETUPAT 1.000","line_item"
"total_belanja/crop_01766.jpg","TOTAL 21.000","total_belanja"
"line_item/crop_01770.jpg","TEH MANIS 5.000","line_item"
"tanggal_waktu/crop_01768.jpg","24/07/2015 11:29","tanggal_waktu"
"line_item/crop_01774.jpg","2 PAK 2.000","line_item"
"nama_toko/crop_01773.jpg","SENYUM MEDIA","nama_toko"
"line_item/crop_01771.jpg","KETUPAT 1.000","line_item"
"line_item/crop_01775.jpg","BATERY ABC 12.000","line_item"
"total_belanja/crop_01772.jpg","TOTAL 21.000","total_belanja"
"line_item/crop_01776.jpg","KETCHUP","line_item"
"line_item/crop_01779.jpg","900","line_item"
"nama_toko/crop_01782.jpg","KARIS JAYA SHOP","nama_toko"
"line_item/crop_01785.jpg","FRUIT TE APPLE 7.000","line_item"
"tanggal_waktu/crop_01783.jpg","2023-08-02 08:46:36","tanggal_waktu"
"line_item/crop_01778.jpg","BATERAI 2.000","line_item"
"line_item/crop_01784.jpg","INDOMIE GORENG 1 LUSIN 36.000","line_item"
"line_item/crop_01786.jpg","BELFOOD SOSIS BAKAR 27.000","line_item"
"nama_toko/crop_01788.jpg","Karis Jaya Shop","nama_toko"
"total_belanja/crop_01787.jpg","TOTAL 70.000","total_belanja"
"tanggal_waktu/crop_01789.jpg","2023-08-02 08:46:36","tanggal_waktu"
"line_item/crop_01790.jpg","INDOMIE GORENG 1 LUSIN 36.000","line_item"
"line_item/crop_01791.jpg","FRUIT TEA APPLE 7.000","line_item"
"line_item/crop_01792.jpg","BLFOOD SOSIS BAKAR 27.000","line_item"
"total_belanja/crop_01793.jpg","Total Rp 70.000","total_belanja"
"nama_toko/crop_01794.jpg","Karis Jaya Shop","nama_toko"
"total_belanja/crop_01799.jpg","Total Rp 70.000","total_belanja"
"line_item/crop_01796.jpg","INDOMIE GORENG 1 LUSIN 36.000","line_item"
"tanggal_waktu/crop_01795.jpg","2023-06-02 08:46:36","tanggal_waktu"
"line_item/crop_01803.jpg","PRIMER GLORDANI 100.000","line_item"
"line_item/crop_01804.jpg","HANDCREAM SILK 50.000","line_item"
"tanggal_waktu/crop_01801.jpg","2021-04-09 20:33:14","tanggal_waktu"
"nama_toko/crop_01800.jpg","sy_beautyskin","nama_toko"
"line_item/crop_01805.jpg","SOAPBAR SILKK 30.000","line_item"
"line_item/crop_01802.jpg","ZAVIARA ACNE 250.000","line_item"
"nama_toko/crop_01816.jpg","TOKO ABANG","nama_toko"
"tanggal_waktu/crop_01809.jpg","2O21-04-09 20:33:14","tanggal_waktu"
"line_item/crop_01806.jpg","BEDAK THE ONE TWC 100.000","line_item"
"line_item/crop_01818.jpg","Beras 4.000 KG X 12.500 Rp.50.000.000","line_item"
"total_belanja/crop_01807.jpg","Total Rp 530.000","total_belanja"
"nama_toko/crop_01808.jpg","SY_BEAUTYSKIN","nama_toko"
"line_item/crop_01824.jpg","Sarden 1600 KLG X 14.000 RP 22.400.000","line_item"
"line_item/crop_01819.jpg","Minyak Goreng 1.600 KG X 27.500 Rp 44.000.000","line_item"
"line_item/crop_01822.jpg","Mie Instan 8.000 Pcs X 3.000 Rp 24.000.000","line_item"
"line_item/crop_01820.jpg","GULA PASIR 1.600KG X 15.000 Rp.24.000.000","line_item"
"line_item/crop_01821.jpg","The Celup Isi 25 800 BOX X 7.500 Rp.6.000.000","line_item"
"line_item/crop_01823.jpg","SUSU KALENG 1600 KLG X 14.000 22.400.000","line_item"
"line_item/crop_01811.jpg","primer glordani 100.000","line_item"
"line_item/crop_01810.jpg","Zaviara Acne 250.000","line_item"
"line_item/crop_01797.jpg","Fruit Tea Apple 500ml x 7.000 Rp 7.000","line_item"
"line_item/crop_01813.jpg","soapber slk Rp 30.000","line_item"
"line_item/crop_01798.jpg","Belfood Sosis Bakar 27.000","line_item"
"line_item/crop_01812.jpg","handcream 50.000","line_item"
"total_belanja/crop_01454.jpg","Total Rp 73.000","total_belanja"
"total_belanja/crop_01815.jpg","Total Rp 530.000","total_belanja"
"nama_toko/crop_01827.jpg","TOKO ABANG","nama_toko"
"line_item/crop_01814.jpg","bedak the one twc Rp 100.000","line_item"
"tanggal_waktu/crop_01817.jpg","10.01.2023-10:11:07","tanggal_waktu"
"total_belanja/crop_01826.jpg","Subtotal Rp 200.000.000","total_belanja"
"line_item/crop_01829.jpg","Beras 4.000 kg x 12.500 Rp 50.000.000","line_item"
"nama_toko/crop_01838.jpg","Toko H Endang","nama_toko"
"tanggal_waktu/crop_01828.jpg","10.01.2023-10:11:07","tanggal_waktu"
"line_item/crop_01830.jpg","Minyak Goreng 1600kg x 27.500 Rp 44.000.000","line_item"
"tanggal_waktu/crop_01839.jpg","07/01/2020 16:49","tanggal_waktu"
"line_item/crop_01831.jpg","Gula Pasir 1600kg x 15.000 Rp 24.000.000","line_item"
"line_item/crop_01834.jpg","SUSU KALENG 1600 KLG X 14.000 Rp 22.400.000","line_item"
"line_item/crop_01832.jpg","The Celup isi 25 800 Box x 7.500 Rp 6.000.000","line_item"
"line_item/crop_01833.jpg","Mie Instan 8.000 pcs x 3.000 Rp 24.000.000","line_item"
"line_item/crop_01835.jpg","SARDEN 1600 KLG X 14.000 Rp 22.400.000","line_item"
"line_item/crop_01836.jpg","KARDUS PACKING 800 PCS X 9.000 Rp 7.800.000","line_item"
"total_belanja/crop_01837.jpg","SUBTOTAL Rp 200.000.000","total_belanja"
"total_belanja/crop_03002.jpg","Total (RM) 42.40","total_belanja"
"line_item/crop_03005.jpg","1476 3 15.90 47.70 25KG SIKA CREAM-88","line_item"
"tanggal_waktu/crop_03001.jpg","Date : 04/12/17 5:06 PH","tanggal_waktu"
"total_belanja/crop_03006.jpg","Total Sales (Inclusive of GST): 47.70","total_belanja"
"tanggal_waktu/crop_03004.jpg","04/12/2017 16:15:00","tanggal_waktu"
"nama_toko/crop_03003.jpg","SYARIKAT PERNIAGAAN GIN KEE","nama_toko"
"tanggal_waktu/crop_03008.jpg","04/12/2017 16:15:00","tanggal_waktu"
"tanggal_waktu/crop_03012.jpg","04/12/2017 16:15:00","tanggal_waktu"
"line_item/crop_03009.jpg","1476 3 15.90 47.70 25KG SIKA CREAM-88","line_item"
"nama_toko/crop_03007.jpg","SYARIKAT PERNIAGAAN GIN KEE","nama_toko"
"total_belanja/crop_03010.jpg","Tolal Sales (Inclusive of GST) 47.70","total_belanja"
"nama_toko/crop_03011.jpg","SYARIKAT PERNIAGAAN GIN KEE","nama_toko"
"tanggal_waktu/crop_01101.jpg","26/03/2026","tanggal_waktu"
"tanggal_waktu/crop_01100.jpg","26 Mar 2026","tanggal_waktu"
"tanggal_waktu/crop_03016.jpg","08/02/2018 12.42","tanggal_waktu"
"total_belanja/crop_03014.jpg","Total Sales (Inclusive of GST): 47.70","total_belanja"
"line_item/crop_03013.jpg","1476 3 15.90 47.70 25KG SIKA CREAM-88","line_item"
"nama_toko/crop_03015.jpg","LIM SENG THO HARDWARE TRADING","nama_toko"
"line_item/crop_01160.jpg","EVAPORASI SUNBAY 38OGR (4 DUS 610.000 x 2 = 1.220.000.000","line_item"
"line_item/crop_01161.jpg","GULA LOKAL TOMBANGAN 1KG PCS 17.200 x 5 = 86.000.000","line_item"
"nama_toko/crop_01102.jpg","THIAM","nama_toko"
"line_item/crop_01150.jpg","ICE CUBE 5.000","line_item"
"total_belanja/crop_01162.jpg","Tunaí 3.084.400.000","total_belanja"
"nama_toko/crop_01163.jpg","PT.MULIA RAYA AGRIJAYA","nama_toko"
"tanggal_waktu/crop_01167.jpg","17/4/26","tanggal_waktu"
"total_belanja/crop_01166.jpg","Total 1.700.219.00","total_belanja"
"nama_toko/crop_01168.jpg","THIAM","nama_toko"
"line_item/crop_01164.jpg","1.00 CRT ANCHOR PATS UNSALTED 40K200 GR 11-07-2027 1.760.219.00 1.760.219.00","line_item"
"line_item/crop_01169.jpg","32 ICE CUBE 5.000","line_item"
"tanggal_waktu/crop_01165.jpg","10 APRIL 2026","tanggal_waktu"
"nama_toko/crop_01174.jpg","PRAMBANAN","nama_toko"
"total_belanja/crop_01170.jpg","160.000","total_belanja"
"tanggal_waktu/crop_01173.jpg","18.04.26-10:03","tanggal_waktu"
"total_belanja/crop_01172.jpg","TOTAL BELANJA 98.000","total_belanja"
"nama_toko/crop_01176.jpg","OREO KOPIRIA","nama_toko"
"line_item/crop_01171.jpg","BRIGHT GAS ISI 5.5KG 1 98.000 98.000","line_item"
"tanggal_waktu/crop_01180.jpg","JUMLAH","tanggal_waktu"
"nama_toko/crop_01181.jpg","5.000","nama_toko"
"line_item/crop_01178.jpg","20.000 300.000","line_item"
"line_item/crop_01177.jpg","48.000","line_item"
"total_belanja/crop_01179.jpg","WA TIMUR INDONESIA","total_belanja"
"nama_toko/crop_01396.jpg","Nasi Jalang","nama_toko"
"line_item/crop_00023.jpg","SEDAP MIE KARIE SP75 1 2.300 2.300","line_item"
"tanggal_waktu/crop_01397.jpg","02 Okt 2025 18:58","tanggal_waktu"
"line_item/crop_00025.jpg","INDOMIE GRG S.MTH B5 1 2.300 2.300","line_item"
"line_item/crop_01399.jpg","(01) Air Es 1x1.000 1.000","line_item"
"line_item/crop_00022.jpg","INDOMIE GRG RICA BSG 1 2.300 2.300","line_item"
"line_item/crop_00024.jpg","SEDAP MIE BASO9 SP77 1 2.300 2.300","line_item"
"nama_toko/crop_00029.jpg","INDOMARET","nama_toko"
"line_item/crop_00031.jpg","INDOMI GORENG SPC 80 2 2.300 4.600","line_item"
"line_item/crop_00027.jpg","RINSO DET MTC FRNT 3 1 93.000 93.000","line_item"
"tanggal_waktu/crop_00030.jpg","07.06.18-21:21","tanggal_waktu"
"line_item/crop_00026.jpg","SEDAP MI AY BW TL73 1 2.300 2.300","line_item"
"total_belanja/crop_00028.jpg","Total 107.550","total_belanja"
"line_item/crop_00033.jpg","INDOMI KARI AYAM 72G 2 2.300 4.600","line_item"
"line_item/crop_01457.jpg","USUS ORIGINAL BERKAH JAYA 250GR 1 PCS 15.000 15.000","line_item"
"line_item/crop_00032.jpg","SEDAP MIE SOTO 75GR 1 2.300 2.300","line_item"
"line_item/crop_00036.jpg","INDOMIE GRG RICA 85G 1 2.300 2.300","line_item"
"line_item/crop_00035.jpg","SUKSES ISI2 A.KCPI29 1 3.350 3.350","line_item"
"line_item/crop_00034.jpg","INDOMI AYAM BWNG 69G 1 2.300 2.300","line_item"
"line_item/crop_00037.jpg","SEDAP MIE KARI SP75 1 2.300 2.300","line_item"
"line_item/crop_03017.jpg","BEG GUNI 15.00 NOS x 0.70 10.50","line_item"
"nama_toko/crop_03019.jpg","SYARIKAT PERNIAGAAN GIN KEE","nama_toko"
"total_belanja/crop_03018.jpg","Total Incl of GST 10.50","total_belanja"
"line_item/crop_01825.jpg","Kardus Packlng 800 Pcs X 9.000 Rp 7.800.000","line_item"
"line_item/crop_00038.jpg","SEDAP MIE BASO SP77 1 2.300 2.300","line_item"
"total_belanja/crop_01200.jpg","JUMLAH 180.000","total_belanja"
"line_item/crop_01201.jpg","GAS 5.5 KG 114.000","line_item"
"total_belanja/crop_01202.jpg","JUMLAH 114.000","total_belanja"
"line_item/crop_03021.jpg","1587 SPAY PAINT 1 7.42 7.42 SR","line_item"
"tanggal_waktu/crop_03020.jpg","02/12/2017 17 21:00","tanggal_waktu"
"nama_toko/crop_01203.jpg","TOKO PERTASHON","nama_toko"
"tanggal_waktu/crop_01204.jpg","7/4/26","tanggal_waktu"
"nama_toko/crop_01206.jpg","TIAM","nama_toko"
"total_belanja/crop_01209.jpg","JUMLAH 135.000","total_belanja"
"line_item/crop_01208.jpg","12 ICE CUBE 5.000 60.000","line_item"
"line_item/crop_01207.jpg","15 ICE CUBE 5.000 75.000","line_item"
"tanggal_waktu/crop_01205.jpg","7/6/25","tanggal_waktu"
"tanggal_waktu/crop_01210.jpg","18-02-2026 12:09:13","tanggal_waktu"
"line_item/crop_01211.jpg","GULA PASIR 16.300.00 x 3.00 KG = 48.900.00","line_item"
"nama_toko/crop_01213.jpg","CV RIZKY SEMBILAN SEMBILAN","nama_toko"
"nama_toko/crop_01214.jpg","KOHAY","nama_toko"
"tanggal_waktu/crop_01215.jpg","07-06-2025 19:13","tanggal_waktu"
"total_belanja/crop_01212.jpg","Tunai 99.900.00","total_belanja"
"line_item/crop_01216.jpg","late hazelnut","line_item"
"line_item/crop_01221.jpg","KRISBEE JAGUNGBAKAR 1.00 10.000.00","line_item"
"tanggal_waktu/crop_01222.jpg","28-04-2026 21.31.23","tanggal_waktu"
"line_item/crop_01219.jpg","POCARI SWEAT ION WA 1.00 10.000.00","line_item"
"line_item/crop_01220.jpg","POCARI SWEAT 35OML 1.00 10.000.00","line_item"
"line_item/crop_01217.jpg","caramel latte","line_item"
"tanggal_waktu/crop_03023.jpg","Date: 02/12/2017","tanggal_waktu"
"total_belanja/crop_01223.jpg","Total sbl diskon 30.000.00","total_belanja"
"line_item/crop_01226.jpg","INACO MANGGA 35OML 3 7.200 21.600","line_item"
"tanggal_waktu/crop_01225.jpg","16.12.20-19:33","tanggal_waktu"
"nama_toko/crop_01224.jpg","ROJOMARET","nama_toko"
"total_belanja/crop_03022.jpg","Total Sales(Inclusive of GST): 7.42","total_belanja"
"total_belanja/crop_01229.jpg","TOTAL 57.400","total_belanja"
"line_item/crop_01228.jpg","FRUIT TEA MARKISA 350 2 3.900 7.800","line_item"
"line_item/crop_01465.jpg","Berry 31.000 x1 31.000","line_item"
"line_item/crop_00039.jpg","INDOMIE GRG S.MTH 85 1 2.300 2.300","line_item"
"nama_toko/crop_01230.jpg","INDOMARET","nama_toko"
"line_item/crop_01227.jpg","LEMONILO MIE GRG 77G 4 7.000 28.000","line_item"
"line_item/crop_01306.jpg","VERONA STRONG 24.OOO","line_item"
"nama_toko/crop_01303.jpg","CATTING CAFE & GIMSUM SUMATERA","nama_toko"
"line_item/crop_01305.jpg","CHATTING STRONG 25.00O","line_item"
"tanggal_waktu/crop_01304.jpg","07 Okt 25 16:22","tanggal_waktu"
"line_item/crop_01301.jpg","6000091 AIM BISC 180G TOASTY 11.700","line_item"
"total_belanja/crop_01302.jpg","TOTAL Rp. 127.200","total_belanja"
"line_item/crop_01313.jpg","WONTON GORENG KUAH 21.000 SPICY","line_item"
"tanggal_waktu/crop_01310.jpg","07 Okt 28 18:22","tanggal_waktu"
"total_belanja/crop_01308.jpg","TotaL Bayar 70.000","total_belanja"
"line_item/crop_01312.jpg","1 VERONA STRONG 24.000","line_item"
"line_item/crop_01307.jpg","wonton Goreng KUAH SPICY 21.000","line_item"
"line_item/crop_01311.jpg","CHATTING STRONG 25.000","line_item"
"tanggal_waktu/crop_01316.jpg","07 Okt 25 16:22","tanggal_waktu"
"nama_toko/crop_01315.jpg","CHATTING CAFE & DIMSUM SUMATERA","nama_toko"
"line_item/crop_01061.jpg","8090351 GLADE OFA 70+5G JASMI 12.000","line_item"
"line_item/crop_01060.jpg","PASEO BB JOJOBA 2X 11.200.00 22.400","line_item"
"line_item/crop_01840.jpg","TELOR AYAM 340.000","line_item"
"total_belanja/crop_01314.jpg","Total Bayar 70.000","total_belanja"
"line_item/crop_01841.jpg","SAMPOERNA MILD 16 MENTOL 106.600","line_item"
"line_item/crop_01842.jpg","PLASTIK KRESEK HD KURMA 20.000","line_item"
"total_belanja/crop_01843.jpg","TOTAL 465.500","total_belanja"
"line_item/crop_03026.jpg","3122 1 29.68 29.68 (W33) 105MM/4' CUTTING DISC","line_item"
"total_belanja/crop_03027.jpg","Total Qty: 29.68","total_belanja"
"nama_toko/crop_03025.jpg","SYARIKAT PERNIAGAAN GIN KEE","nama_toko"
"nama_toko/crop_01844.jpg","TOKO H EnDANG","nama_toko"
"tanggal_waktu/crop_01845.jpg","07/01/2020 16:49","tanggal_waktu"
"line_item/crop_01852.jpg","T Eskulin Gel 1OOml Drea 6.468 32.340","line_item"
"tanggal_waktu/crop_01851.jpg","27-08-2013 19:29:44","tanggal_waktu"
"nama_toko/crop_01850.jpg","Nama Toko Anda","nama_toko"
"line_item/crop_01853.jpg","Eskulin Gel 1OOml Mond 6 6.600 39.600","line_item"
"tanggal_waktu/crop_01855.jpg","09.07.15 19:19","tanggal_waktu"
"line_item/crop_01857.jpg","TANGO WFR ROYALE 27.500","line_item"
"line_item/crop_01859.jpg","NISSIN WFR CHOCO 26.900","line_item"
"line_item/crop_01856.jpg","MISSIN LEMONIA 700GR 37.500","line_item"
"total_belanja/crop_01854.jpg","GrandTotal Rp. 72.000","total_belanja"
"line_item/crop_01858.jpg","TANGO WAFER CHOCO 27.850","line_item"
"line_item/crop_01861.jpg","QTELA TEMPE 5.400","line_item"
"line_item/crop_01863.jpg","VISINE ORIGINAL 5ML 12.500","line_item"
"line_item/crop_01862.jpg","TARO SEAWEED 7.500","line_item"
"nama_toko/crop_01866.jpg","INDOMARET","nama_toko"
"line_item/crop_01864.jpg","MIZONE CRSP APPLE 5.900","line_item"
"line_item/crop_01860.jpg","BIG COLA BTL 3LTR 14.900","line_item"
"nama_toko/crop_01309.jpg","CHATTING CAFE & DIMSUM SUMATERA","nama_toko"
"total_belanja/crop_01849.jpg","TOTAL 468.500","total_belanja"
"line_item/crop_01848.jpg","PLASTIK KRESEK HD KURMA 1 IKT X 20.000 20.000","line_item"
"line_item/crop_01846.jpg","TELOR AYAM 1 IKT X 340.000 340.000","line_item"
"total_belanja/crop_01062.jpg","Total Rp 114.500","total_belanja"
"line_item/crop_01847.jpg","SAMPOERNA Mild 18 MENTOL 5 BKS X 21.700 108.500","line_item"
"nama_toko/crop_01063.jpg","PT.MITRA RITELINDO LESTARI","nama_toko"
"line_item/crop_01067.jpg","WARDAH UV SHIELD ACNE CALMINO SPF3F 1 PSC 35.500","line_item"
"line_item/crop_01064.jpg","SARIAYU KAPAS KECANTIKAN 1PCS 10.500","line_item"
"line_item/crop_01066.jpg","EVANGELINE EDP VANILLA CARAMEL 1 BTL 25.000","line_item"
"total_belanja/crop_01068.jpg","Total Rp 98.600","total_belanja"
"line_item/crop_01065.jpg","DERMA ANGEL ACNE PATCH SAL ACID 1 PCS 38.700","line_item"
"tanggal_waktu/crop_01072.jpg","2025-10-04 15:31:45","tanggal_waktu"
"nama_toko/crop_01077.jpg","ADINDA BOUTIQUE","nama_toko"
"nama_toko/crop_01070.jpg","KAMALA BEAUTYMART","nama_toko"
"tanggal_waktu/crop_01069.jpg","02-06-2025 11:57 sindy","tanggal_waktu"
"nama_toko/crop_01071.jpg","1 laoptic","nama_toko"
"line_item/crop_01073.jpg","Parabotan 25rb 1X RP 25.000 RP 25.000","line_item"
"tanggal_waktu/crop_03029.jpg","02/12/2017 08:44:00","tanggal_waktu"
"line_item/crop_03030.jpg","3122 1 29.68 29.68 (W33) 105MM/4' CUTTING DISC","line_item"
"total_belanja/crop_01468.jpg","Total Rp 73.000","total_belanja"
"total_belanja/crop_03031.jpg","Total Sales (Inclusive of GST): 29.68","total_belanja"
"tanggal_waktu/crop_01867.jpg","03.07.15-19:19","tanggal_waktu"
"line_item/crop_01300.jpg","6073971 SOKLIN PwG DF RF 800M 11.400 dsc 2500= -2.500","line_item"
"line_item/crop_03034.jpg","910347623 Almond Cak 22.50","line_item"
"line_item/crop_03035.jpg","999900245 IKEA Retai 36.00","line_item"
"tanggal_waktu/crop_03033.jpg","23/12/17 7:13","tanggal_waktu"
"nama_toko/crop_03032.jpg","IKEA Cheras","nama_toko"
"total_belanja/crop_03038.jpg","Total Rounded  73.30","total_belanja"
"line_item/crop_03037.jpg","99900704 Dark Chocolate 70% 2 pc * 6.90 13.80","line_item"
"line_item/crop_03041.jpg","1971 1 148.40 148.40 PASIR HALUS 1 LOAD (SMALL)","line_item"
"tanggal_waktu/crop_03040.jpg","28/12/2017 11:58:00","tanggal_waktu"
"nama_toko/crop_03043.jpg","SYARIKAT PERNIAGAAN GIN KEE","nama_toko"
"tanggal_waktu/crop_03044.jpg","28/12/2017 11:58:00","tanggal_waktu"
"total_belanja/crop_03042.jpg","Total Sales (Inclusive of GST): 148.40","total_belanja"
"nama_toko/crop_03039.jpg","SYARIKAT PERNIAGAAN GIN KEE","nama_toko"
"line_item/crop_03045.jpg","1971 1 148.40 148.40 PASIR HALUS 1 LOAD (SMALL)","line_item"
"tanggal_waktu/crop_03048.jpg","30 Dec 17 18:40:57","tanggal_waktu"
"total_belanja/crop_03046.jpg","Total Salos (Inclusive of GST) 148.40","total_belanja"
"line_item/crop_03049.jpg","PINEAPPLE JUICE 12.95","line_item"
"nama_toko/crop_03047.jpg","Chili's","nama_toko"
"line_item/crop_03050.jpg","TOSTADA CHIPS 16.95","line_item"
"total_belanja/crop_03053.jpg","Total: 102.39","total_belanja"
"nama_toko/crop_03054.jpg","SWEET FOREST CAFE","nama_toko"
"line_item/crop_03051.jpg","CHP BWL CK 29.95","line_item"
"line_item/crop_03056.jpg","SMoked Duck spaghetti 1x 12.58 12.50","line_item"
"tanggal_waktu/crop_03055.jpg","14-02-2018 13.02:42","tanggal_waktu"
"line_item/crop_03052.jpg","Marg CK 27.95","line_item"
"total_belanja/crop_03060.jpg","TOTAL : 30.30","total_belanja"
"line_item/crop_03058.jpg","Coffee(H) 1x 4.90 4.90","line_item"
"line_item/crop_03057.jpg","Hot Green Tea 3.00","line_item"
"line_item/crop_03059.jpg","Rendang Chickun Rice 1x 9.90 9.90","line_item"